name,link,url,parent_category
Accessories & Supplies,/s?rh=n%3A172282%2Cn%3A281407&dc&qid=1745391766&rnid=172282&ref=sr_nr_n_1,https://www.amazon.com/gp/browse.html?node=172282&ref_=nav_em__elec_mw_hub_0_2_17_2,Electronics Showcase
Camera & Photo,/s?rh=n%3A172282%2Cn%3A502394&dc&qid=1745391766&rnid=172282&ref=sr_nr_n_2,https://www.amazon.com/gp/browse.html?node=172282&ref_=nav_em__elec_mw_hub_0_2_17_2,Electronics Showcase
Car & Vehicle Electronics,/s?rh=n%3A172282%2Cn%3A3248684011&dc&qid=1745391766&rnid=172282&ref=sr_nr_n_3,https://www.amazon.com/gp/browse.html?node=172282&ref_=nav_em__elec_mw_hub_0_2_17_2,Electronics Showcase
Cell Phones & Accessories,/s?rh=n%3A172282%2Cn%3A2811119011&dc&qid=1745391766&rnid=172282&ref=sr_nr_n_4,https://www.amazon.com/gp/browse.html?node=172282&ref_=nav_em__elec_mw_hub_0_2_17_2,Electronics Showcase
Computers & Accessories,/s?rh=n%3A172282%2Cn%3A541966&dc&qid=1745391766&rnid=172282&ref=sr_nr_n_5,https://www.amazon.com/gp/browse.html?node=172282&ref_=nav_em__elec_mw_hub_0_2_17_2,Electronics Showcase
Electronic Protection Plans,/s?rh=n%3A172282%2Cn%3A2242348011&dc&qid=1745391766&rnid=172282&ref=sr_nr_n_6,https://www.amazon.com/gp/browse.html?node=172282&ref_=nav_em__elec_mw_hub_0_2_17_2,Electronics Showcase
"GPS, Finders & Accessories",/s?rh=n%3A172282%2Cn%3A172526&dc&qid=1745391766&rnid=172282&ref=sr_nr_n_7,https://www.amazon.com/gp/browse.html?node=172282&ref_=nav_em__elec_mw_hub_0_2_17_2,Electronics Showcase
Home Audio,/s?rh=n%3A172282%2Cn%3A667846011&dc&qid=1745391766&rnid=172282&ref=sr_nr_n_8,https://www.amazon.com/gp/browse.html?node=172282&ref_=nav_em__elec_mw_hub_0_2_17_2,Electronics Showcase
Office Electronics,/s?rh=n%3A172282%2Cn%3A172574&dc&qid=1745391766&rnid=172282&ref=sr_nr_n_9,https://www.amazon.com/gp/browse.html?node=172282&ref_=nav_em__elec_mw_hub_0_2_17_2,Electronics Showcase
Portable Audio & Video,/s?rh=n%3A172282%2Cn%3A172623&dc&qid=1745391766&rnid=172282&ref=sr_nr_n_10,https://www.amazon.com/gp/browse.html?node=172282&ref_=nav_em__elec_mw_hub_0_2_17_2,Electronics Showcase
Security & Surveillance,/s?rh=n%3A172282%2Cn%3A524136&dc&qid=1745391766&rnid=172282&ref=sr_nr_n_11,https://www.amazon.com/gp/browse.html?node=172282&ref_=nav_em__elec_mw_hub_0_2_17_2,Electronics Showcase
Television & Video,/s?rh=n%3A172282%2Cn%3A1266092011&dc&qid=1745391766&rnid=172282&ref=sr_nr_n_12,https://www.amazon.com/gp/browse.html?node=172282&ref_=nav_em__elec_mw_hub_0_2_17_2,Electronics Showcase
Video Game Consoles & Accessories,/s?rh=n%3A172282%2Cn%3A7926841011&dc&qid=1745391766&rnid=172282&ref=sr_nr_n_13,https://www.amazon.com/gp/browse.html?node=172282&ref_=nav_em__elec_mw_hub_0_2_17_2,Electronics Showcase
Video Projectors,/s?rh=n%3A172282%2Cn%3A300334&dc&qid=1745391766&rnid=172282&ref=sr_nr_n_14,https://www.amazon.com/gp/browse.html?node=172282&ref_=nav_em__elec_mw_hub_0_2_17_2,Electronics Showcase
Wearable Technology,/s?rh=n%3A172282%2Cn%3A10048700011&dc&qid=1745391766&rnid=172282&ref=sr_nr_n_15,https://www.amazon.com/gp/browse.html?node=172282&ref_=nav_em__elec_mw_hub_0_2_17_2,Electronics Showcase
eBook Readers & Accessories,/s?rh=n%3A172282%2Cn%3A2642125011&dc&qid=1745391766&rnid=172282&ref=sr_nr_n_16,https://www.amazon.com/gp/browse.html?node=172282&ref_=nav_em__elec_mw_hub_0_2_17_2,Electronics Showcase
"Headphones, Earbuds & Accessories",/s?rh=n%3A172282%2Cn%3A24046923011&dc&qid=1745391766&rnid=172282&ref=sr_nr_n_17,https://www.amazon.com/gp/browse.html?node=172282&ref_=nav_em__elec_mw_hub_0_2_17_2,Electronics Showcase
"Household Batteries, Chargers & Accessories",/s?rh=n%3A172282%2Cn%3A21608214011&dc&qid=1745391766&rnid=172282&ref=sr_nr_n_18,https://www.amazon.com/gp/browse.html?node=172282&ref_=nav_em__elec_mw_hub_0_2_17_2,Electronics Showcase
Power Accessories,/s?rh=n%3A172282%2Cn%3A21608215011&dc&qid=1745391766&rnid=172282&ref=sr_nr_n_19,https://www.amazon.com/gp/browse.html?node=172282&ref_=nav_em__elec_mw_hub_0_2_17_2,Electronics Showcase
Tablets,/s?rh=n%3A172282%2Cn%3A1232597011&dc&qid=1745391766&rnid=172282&ref=sr_nr_n_20,https://www.amazon.com/gp/browse.html?node=172282&ref_=nav_em__elec_mw_hub_0_2_17_2,Electronics Showcase
Unlocked Phones,/gp/browse.html?rw_useCurrentProtocol=1&node=116069714011&ref_=amb_link_jBlj25x2QLuQMxbePNsLFA_1,https://www.amazon.com/gp/browse.html?node=2335752011&ref_=nav_em__wi_0_2_17_3,Cell Phones &amp; Accessories
Prepaid Minutes & SIM Cards,/gp/browse.html?rw_useCurrentProtocol=1&node=3345523011&ref_=amb_link_jBlj25x2QLuQMxbePNsLFA_2,https://www.amazon.com/gp/browse.html?node=2335752011&ref_=nav_em__wi_0_2_17_3,Cell Phones &amp; Accessories
Trade-In,/gp/browse.html?rw_useCurrentProtocol=1&node=9187220011&ref_=amb_link_jBlj25x2QLuQMxbePNsLFA_3,https://www.amazon.com/gp/browse.html?node=2335752011&ref_=nav_em__wi_0_2_17_3,Cell Phones &amp; Accessories
Renewed Phones,/gp/browse.html?rw_useCurrentProtocol=1&node=7072561011&ref_=wl_nav_left_cpa_700,https://www.amazon.com/gp/browse.html?node=2335752011&ref_=nav_em__wi_0_2_17_3,Cell Phones &amp; Accessories
Iphone Cases,/gp/browse.html?rw_useCurrentProtocol=1&node=117156816011&ref_=amb_link_jBlj25x2QLuQMxbePNsLFA_5,https://www.amazon.com/gp/browse.html?node=2335752011&ref_=nav_em__wi_0_2_17_3,Cell Phones &amp; Accessories
Samsung Cases,/gp/browse.html?rw_useCurrentProtocol=1&node=117156819011&ref_=amb_link_jBlj25x2QLuQMxbePNsLFA_6,https://www.amazon.com/gp/browse.html?node=2335752011&ref_=nav_em__wi_0_2_17_3,Cell Phones &amp; Accessories
Google Pixel Cases,/gp/browse.html?rw_useCurrentProtocol=1&node=117157229011&ref_=amb_link_jBlj25x2QLuQMxbePNsLFA_7,https://www.amazon.com/gp/browse.html?node=2335752011&ref_=nav_em__wi_0_2_17_3,Cell Phones &amp; Accessories
All Cases,/gp/browse.html?rw_useCurrentProtocol=1&node=2407760011&ref_=amb_link_jBlj25x2QLuQMxbePNsLFA_8,https://www.amazon.com/gp/browse.html?node=2335752011&ref_=nav_em__wi_0_2_17_3,Cell Phones &amp; Accessories
Bluetooth Earbuds & Headphones,/gp/browse.html?rw_useCurrentProtocol=1&node=172541&ref_=amb_link_jBlj25x2QLuQMxbePNsLFA_9,https://www.amazon.com/gp/browse.html?node=2335752011&ref_=nav_em__wi_0_2_17_3,Cell Phones &amp; Accessories
Smart Watches & Wearable Tech,/gp/browse.html?rw_useCurrentProtocol=1&node=10048700011&ref_=amb_link_jBlj25x2QLuQMxbePNsLFA_10,https://www.amazon.com/gp/browse.html?node=2335752011&ref_=nav_em__wi_0_2_17_3,Cell Phones &amp; Accessories
Item Finders,/gp/browse.html?rw_useCurrentProtocol=1&node=117162238011&ref_=amb_link_jBlj25x2QLuQMxbePNsLFA_11,https://www.amazon.com/gp/browse.html?node=2335752011&ref_=nav_em__wi_0_2_17_3,Cell Phones &amp; Accessories
Charging Accessories,/gp/browse.html?rw_useCurrentProtocol=1&node=2407761011&ref_=amb_link_jBlj25x2QLuQMxbePNsLFA_12,https://www.amazon.com/gp/browse.html?node=2335752011&ref_=nav_em__wi_0_2_17_3,Cell Phones &amp; Accessories
Car Accessories,/gp/browse.html?rw_useCurrentProtocol=1&node=2407759011&ref_=amb_link_jBlj25x2QLuQMxbePNsLFA_13,https://www.amazon.com/gp/browse.html?node=2335752011&ref_=nav_em__wi_0_2_17_3,Cell Phones &amp; Accessories
Screen Protectors,/gp/browse.html?rw_useCurrentProtocol=1&node=2407781011&ref_=amb_link_jBlj25x2QLuQMxbePNsLFA_14,https://www.amazon.com/gp/browse.html?node=2335752011&ref_=nav_em__wi_0_2_17_3,Cell Phones &amp; Accessories
Signal Boosters,/gp/browse.html?rw_useCurrentProtocol=1&node=2407782011&ref_=amb_link_jBlj25x2QLuQMxbePNsLFA_15,https://www.amazon.com/gp/browse.html?node=2335752011&ref_=nav_em__wi_0_2_17_3,Cell Phones &amp; Accessories
Phone Grips,/gp/browse.html?rw_useCurrentProtocol=1&node=21209098011&ref_=amb_link_jBlj25x2QLuQMxbePNsLFA_16,https://www.amazon.com/gp/browse.html?node=2335752011&ref_=nav_em__wi_0_2_17_3,Cell Phones &amp; Accessories
Amazon Basics,/gp/browse.html?rw_useCurrentProtocol=1&node=%3Dnav_cs_amazonbasics&ref_=amb_link_jBlj25x2QLuQMxbePNsLFA_17,https://www.amazon.com/gp/browse.html?node=2335752011&ref_=nav_em__wi_0_2_17_3,Cell Phones &amp; Accessories
Handpicked Electronics,/gp/browse.html?rw_useCurrentProtocol=1&node=12691228011&ref_=amb_link_BpW_pJfGS-SH8sCy2LOykw_1,https://www.amazon.com/gp/browse.html?node=541966&ref_=nav_em__pc_ce_0_2_17_4,Computers
Laptops,/gp/browse.html?rw_useCurrentProtocol=1&node=565108&ref_=amb_link_BpW_pJfGS-SH8sCy2LOykw_2,https://www.amazon.com/gp/browse.html?node=541966&ref_=nav_em__pc_ce_0_2_17_4,Computers
Desktops,/gp/browse.html?rw_useCurrentProtocol=1&node=565098&ref_=amb_link_BpW_pJfGS-SH8sCy2LOykw_3,https://www.amazon.com/gp/browse.html?node=541966&ref_=nav_em__pc_ce_0_2_17_4,Computers
PC Gaming,/gp/browse.html?rw_useCurrentProtocol=1&node=8588809011&ref_=amb_link_BpW_pJfGS-SH8sCy2LOykw_4,https://www.amazon.com/gp/browse.html?node=541966&ref_=nav_em__pc_ce_0_2_17_4,Computers
Monitors,/gp/browse.html?rw_useCurrentProtocol=1&node=1292115011&ref_=amb_link_BpW_pJfGS-SH8sCy2LOykw_5,https://www.amazon.com/gp/browse.html?node=541966&ref_=nav_em__pc_ce_0_2_17_4,Computers
Tablets,/gp/browse.html?rw_useCurrentProtocol=1&node=1232597011&ref_=amb_link_BpW_pJfGS-SH8sCy2LOykw_6,https://www.amazon.com/gp/browse.html?node=541966&ref_=nav_em__pc_ce_0_2_17_4,Computers
Computer Accessories,/gp/browse.html?rw_useCurrentProtocol=1&node=172456&ref_=amb_link_BpW_pJfGS-SH8sCy2LOykw_7,https://www.amazon.com/gp/browse.html?node=541966&ref_=nav_em__pc_ce_0_2_17_4,Computers
Networking,/gp/browse.html?rw_useCurrentProtocol=1&node=172504&ref_=amb_link_BpW_pJfGS-SH8sCy2LOykw_8,https://www.amazon.com/gp/browse.html?node=541966&ref_=nav_em__pc_ce_0_2_17_4,Computers
Computer Components,/gp/browse.html?rw_useCurrentProtocol=1&node=193870011&ref_=amb_link_BpW_pJfGS-SH8sCy2LOykw_9,https://www.amazon.com/gp/browse.html?node=541966&ref_=nav_em__pc_ce_0_2_17_4,Computers
Drives & Storage,/gp/browse.html?rw_useCurrentProtocol=1&node=1292110011&ref_=amb_link_BpW_pJfGS-SH8sCy2LOykw_10,https://www.amazon.com/gp/browse.html?node=541966&ref_=nav_em__pc_ce_0_2_17_4,Computers
Laptops,/Best-Sellers-Electronics-Laptop-Computers/zgbs/electronics/565108?rw_useCurrentProtocol=1&ref_=amb_link_BpW_pJfGS-SH8sCy2LOykw_11,https://www.amazon.com/gp/browse.html?node=541966&ref_=nav_em__pc_ce_0_2_17_4,Computers
Desktops,/Best-Sellers-Electronics-Desktop-Computers/zgbs/electronics/565098?rw_useCurrentProtocol=1&ref_=amb_link_BpW_pJfGS-SH8sCy2LOykw_12,https://www.amazon.com/gp/browse.html?node=541966&ref_=nav_em__pc_ce_0_2_17_4,Computers
PC Gaming,/Best-Sellers-Electronics-Video-Game-Consoles-Accessories/zgbs/electronics/7926841011?rw_useCurrentProtocol=1&ref_=amb_link_BpW_pJfGS-SH8sCy2LOykw_13,https://www.amazon.com/gp/browse.html?node=541966&ref_=nav_em__pc_ce_0_2_17_4,Computers
Monitors,/Best-Sellers-Electronics-Computer-Monitors/zgbs/electronics/1292115011?rw_useCurrentProtocol=1&ref_=amb_link_BpW_pJfGS-SH8sCy2LOykw_14,https://www.amazon.com/gp/browse.html?node=541966&ref_=nav_em__pc_ce_0_2_17_4,Computers
Tablets,/Best-Sellers-Electronics-Computer-Tablets/zgbs/electronics/1232597011?rw_useCurrentProtocol=1&ref_=amb_link_BpW_pJfGS-SH8sCy2LOykw_15,https://www.amazon.com/gp/browse.html?node=541966&ref_=nav_em__pc_ce_0_2_17_4,Computers
Laptop Accessories,/Best-Sellers-Electronics-Laptop-Accessories/zgbs/electronics/3011391011?rw_useCurrentProtocol=1&ref_=amb_link_BpW_pJfGS-SH8sCy2LOykw_16,https://www.amazon.com/gp/browse.html?node=541966&ref_=nav_em__pc_ce_0_2_17_4,Computers
Networking Products,/Best-Sellers-Electronics-Computer-Networking/zgbs/electronics/172504?rw_useCurrentProtocol=1&ref_=amb_link_BpW_pJfGS-SH8sCy2LOykw_17,https://www.amazon.com/gp/browse.html?node=541966&ref_=nav_em__pc_ce_0_2_17_4,Computers
Computer Components,/Best-Sellers-Electronics-Computer-Components/zgbs/electronics/193870011?rw_useCurrentProtocol=1&ref_=amb_link_BpW_pJfGS-SH8sCy2LOykw_18,https://www.amazon.com/gp/browse.html?node=541966&ref_=nav_em__pc_ce_0_2_17_4,Computers
Drives & Storage Products,/Best-Sellers-Electronics-Data-Storage/zgbs/electronics/1292110011?rw_useCurrentProtocol=1&ref_=amb_link_BpW_pJfGS-SH8sCy2LOykw_19,https://www.amazon.com/gp/browse.html?node=541966&ref_=nav_em__pc_ce_0_2_17_4,Computers
Printers & Ink,/gp/browse.html?rw_useCurrentProtocol=1&node=172635&ref_=amb_link_BpW_pJfGS-SH8sCy2LOykw_20,https://www.amazon.com/gp/browse.html?node=541966&ref_=nav_em__pc_ce_0_2_17_4,Computers
Software,/gp/browse.html?rw_useCurrentProtocol=1&node=229534&ref_=amb_link_BpW_pJfGS-SH8sCy2LOykw_21,https://www.amazon.com/gp/browse.html?node=541966&ref_=nav_em__pc_ce_0_2_17_4,Computers
Office Electronics,/gp/browse.html?rw_useCurrentProtocol=1&node=172574&ref_=amb_link_BpW_pJfGS-SH8sCy2LOykw_22,https://www.amazon.com/gp/browse.html?node=541966&ref_=nav_em__pc_ce_0_2_17_4,Computers
Accessories,/s?rh=n%3A172282%2Cn%3A1266092011%2Cn%3A3230976011&dc&qid=1745391774&rnid=1266092011&ref=sr_nr_n_2,https://www.amazon.com/gp/browse.html?node=1266092011&ref_=nav_em__tv_0_2_17_5,TV &amp; Video
Analog-to-Digital (DTV) Converters,/s?rh=n%3A172282%2Cn%3A1266092011%2Cn%3A979935011&dc&qid=1745391774&rnid=1266092011&ref=sr_nr_n_3,https://www.amazon.com/gp/browse.html?node=1266092011&ref_=nav_em__tv_0_2_17_5,TV &amp; Video
AV Receivers & Amplifiers,/s?rh=n%3A172282%2Cn%3A1266092011%2Cn%3A3213035011&dc&qid=1745391774&rnid=1266092011&ref=sr_nr_n_4,https://www.amazon.com/gp/browse.html?node=1266092011&ref_=nav_em__tv_0_2_17_5,TV &amp; Video
Blu-ray Players & Recorders,/s?rh=n%3A172282%2Cn%3A1266092011%2Cn%3A3213025011&dc&qid=1745391774&rnid=1266092011&ref=sr_nr_n_5,https://www.amazon.com/gp/browse.html?node=1266092011&ref_=nav_em__tv_0_2_17_5,TV &amp; Video
DVD Players & Recorders,/s?rh=n%3A172282%2Cn%3A1266092011%2Cn%3A3213027011&dc&qid=1745391774&rnid=1266092011&ref=sr_nr_n_6,https://www.amazon.com/gp/browse.html?node=1266092011&ref_=nav_em__tv_0_2_17_5,TV &amp; Video
DVD-VCR Combos,/s?rh=n%3A172282%2Cn%3A1266092011%2Cn%3A886258&dc&qid=1745391774&rnid=1266092011&ref=sr_nr_n_7,https://www.amazon.com/gp/browse.html?node=1266092011&ref_=nav_em__tv_0_2_17_5,TV &amp; Video
HD DVD Players,/s?rh=n%3A172282%2Cn%3A1266092011%2Cn%3A352696011&dc&qid=1745391774&rnid=1266092011&ref=sr_nr_n_8,https://www.amazon.com/gp/browse.html?node=1266092011&ref_=nav_em__tv_0_2_17_5,TV &amp; Video
Home Theater Systems,/s?rh=n%3A172282%2Cn%3A1266092011%2Cn%3A281056&dc&qid=1745391774&rnid=1266092011&ref=sr_nr_n_9,https://www.amazon.com/gp/browse.html?node=1266092011&ref_=nav_em__tv_0_2_17_5,TV &amp; Video
Satellite Television,/s?rh=n%3A172282%2Cn%3A1266092011%2Cn%3A400080&dc&qid=1745391774&rnid=1266092011&ref=sr_nr_n_10,https://www.amazon.com/gp/browse.html?node=1266092011&ref_=nav_em__tv_0_2_17_5,TV &amp; Video
Streaming Media Players,/s?rh=n%3A172282%2Cn%3A1266092011%2Cn%3A13447451&dc&qid=1745391774&rnid=1266092011&ref=sr_nr_n_11,https://www.amazon.com/gp/browse.html?node=1266092011&ref_=nav_em__tv_0_2_17_5,TV &amp; Video
Televisions,/s?rh=n%3A172282%2Cn%3A1266092011%2Cn%3A172659&dc&qid=1745391774&rnid=1266092011&ref=sr_nr_n_12,https://www.amazon.com/gp/browse.html?node=1266092011&ref_=nav_em__tv_0_2_17_5,TV &amp; Video
TV-DVD Combos,/s?rh=n%3A172282%2Cn%3A1266092011%2Cn%3A578960&dc&qid=1745391774&rnid=1266092011&ref=sr_nr_n_13,https://www.amazon.com/gp/browse.html?node=1266092011&ref_=nav_em__tv_0_2_17_5,TV &amp; Video
VCRs,/s?rh=n%3A172282%2Cn%3A1266092011%2Cn%3A172669&dc&qid=1745391774&rnid=1266092011&ref=sr_nr_n_14,https://www.amazon.com/gp/browse.html?node=1266092011&ref_=nav_em__tv_0_2_17_5,TV &amp; Video
Video Glasses,/s?rh=n%3A172282%2Cn%3A1266092011%2Cn%3A3213034011&dc&qid=1745391774&rnid=1266092011&ref=sr_nr_n_15,https://www.amazon.com/gp/browse.html?node=1266092011&ref_=nav_em__tv_0_2_17_5,TV &amp; Video
In Ear Earbud Headphones,/gp/browse.html?rw_useCurrentProtocol=1&node=12097478011&ref_=amb_link_wWKVXRlOSpW2CEglBx9yZg_1,https://www.amazon.com/gp/browse.html?node=172541&ref_=nav_em_headphones_0_2_17_6,Headphones
Over-Ear Headphones,/gp/browse.html?rw_useCurrentProtocol=1&node=12097479011&ref_=amb_link_wWKVXRlOSpW2CEglBx9yZg_2,https://www.amazon.com/gp/browse.html?node=172541&ref_=nav_em_headphones_0_2_17_6,Headphones
On-Ear Headphones,/gp/browse.html?rw_useCurrentProtocol=1&node=12097480011&ref_=amb_link_wWKVXRlOSpW2CEglBx9yZg_3,https://www.amazon.com/gp/browse.html?node=172541&ref_=nav_em_headphones_0_2_17_6,Headphones
Bluetooth Headphones,/gp/browse.html?rw_useCurrentProtocol=1&node=12097501011&ref_=amb_link_wWKVXRlOSpW2CEglBx9yZg_4,https://www.amazon.com/gp/browse.html?node=172541&ref_=nav_em_headphones_0_2_17_6,Headphones
Sports and Fitness Headphones,/gp/browse.html?rw_useCurrentProtocol=1&node=2266980011&ref_=amb_link_wWKVXRlOSpW2CEglBx9yZg_5,https://www.amazon.com/gp/browse.html?node=172541&ref_=nav_em_headphones_0_2_17_6,Headphones
Noise-cancelling Headphones,/gp/browse.html?rw_useCurrentProtocol=1&node=509318&ref_=amb_link_wWKVXRlOSpW2CEglBx9yZg_6,https://www.amazon.com/gp/browse.html?node=172541&ref_=nav_em_headphones_0_2_17_6,Headphones
Premium Audio Headphones,/gp/browse.html?rw_useCurrentProtocol=1&node=12097486011&ref_=amb_link_wWKVXRlOSpW2CEglBx9yZg_7,https://www.amazon.com/gp/browse.html?node=172541&ref_=nav_em_headphones_0_2_17_6,Headphones
DJ/Professional Headphones,/gp/browse.html?rw_useCurrentProtocol=1&node=11974971&ref_=amb_link_wWKVXRlOSpW2CEglBx9yZg_8,https://www.amazon.com/gp/browse.html?node=172541&ref_=nav_em_headphones_0_2_17_6,Headphones
All deals,/gp/browse.html?rw_useCurrentProtocol=1&node=11601506011&ref_=amb_link_wWKVXRlOSpW2CEglBx9yZg_9,https://www.amazon.com/gp/browse.html?node=172541&ref_=nav_em_headphones_0_2_17_6,Headphones
Calculators,/s?rh=n%3A1064954%2Cn%3A172574%2Cn%3A172518&dc&qid=1745391779&rnid=172574&ref=sr_nr_n_2,https://www.amazon.com/gp/browse.html?node=172574&ref_=nav_em_Office Electronics_0_2_17_7,Office Electronics
Copiers,/s?rh=n%3A1064954%2Cn%3A172574%2Cn%3A172576&dc&qid=1745391779&rnid=172574&ref=sr_nr_n_3,https://www.amazon.com/gp/browse.html?node=172574&ref_=nav_em_Office Electronics_0_2_17_7,Office Electronics
Document Cameras,/s?rh=n%3A1064954%2Cn%3A172574%2Cn%3A5728045011&dc&qid=1745391779&rnid=172574&ref=sr_nr_n_4,https://www.amazon.com/gp/browse.html?node=172574&ref_=nav_em_Office Electronics_0_2_17_7,Office Electronics
"Electronic Dictionaries, Thesauri & Translators",/s?rh=n%3A1064954%2Cn%3A172574%2Cn%3A11072581&dc&qid=1745391779&rnid=172574&ref=sr_nr_n_5,https://www.amazon.com/gp/browse.html?node=172574&ref_=nav_em_Office Electronics_0_2_17_7,Office Electronics
Fax Machines,/s?rh=n%3A1064954%2Cn%3A172574%2Cn%3A172582&dc&qid=1745391779&rnid=172574&ref=sr_nr_n_6,https://www.amazon.com/gp/browse.html?node=172574&ref_=nav_em_Office Electronics_0_2_17_7,Office Electronics
Other Office Equipment,/s?rh=n%3A1064954%2Cn%3A172574%2Cn%3A281418&dc&qid=1745391779&rnid=172574&ref=sr_nr_n_7,https://www.amazon.com/gp/browse.html?node=172574&ref_=nav_em_Office Electronics_0_2_17_7,Office Electronics
PDAs & Handhelds,/s?rh=n%3A1064954%2Cn%3A172574%2Cn%3A172594&dc&qid=1745391779&rnid=172574&ref=sr_nr_n_8,https://www.amazon.com/gp/browse.html?node=172574&ref_=nav_em_Office Electronics_0_2_17_7,Office Electronics
Point-of-Sale (POS) Equipment,/s?rh=n%3A1064954%2Cn%3A172574%2Cn%3A15442734011&dc&qid=1745391779&rnid=172574&ref=sr_nr_n_9,https://www.amazon.com/gp/browse.html?node=172574&ref_=nav_em_Office Electronics_0_2_17_7,Office Electronics
Presentation Products,/s?rh=n%3A1064954%2Cn%3A172574%2Cn%3A300333&dc&qid=1745391779&rnid=172574&ref=sr_nr_n_10,https://www.amazon.com/gp/browse.html?node=172574&ref_=nav_em_Office Electronics_0_2_17_7,Office Electronics
Printers,/s?rh=n%3A1064954%2Cn%3A172574%2Cn%3A172635&dc&qid=1745391779&rnid=172574&ref=sr_nr_n_11,https://www.amazon.com/gp/browse.html?node=172574&ref_=nav_em_Office Electronics_0_2_17_7,Office Electronics
Printers & Accessories,/s?rh=n%3A1064954%2Cn%3A172574%2Cn%3A9424016011&dc&qid=1745391779&rnid=172574&ref=sr_nr_n_12,https://www.amazon.com/gp/browse.html?node=172574&ref_=nav_em_Office Electronics_0_2_17_7,Office Electronics
Projectors,/s?rh=n%3A1064954%2Cn%3A172574%2Cn%3A300334&dc&qid=1745391779&rnid=172574&ref=sr_nr_n_13,https://www.amazon.com/gp/browse.html?node=172574&ref_=nav_em_Office Electronics_0_2_17_7,Office Electronics
Scanners,/s?rh=n%3A1064954%2Cn%3A172574%2Cn%3A172584&dc&qid=1745391779&rnid=172574&ref=sr_nr_n_14,https://www.amazon.com/gp/browse.html?node=172574&ref_=nav_em_Office Electronics_0_2_17_7,Office Electronics
Scanners & Accessories,/s?rh=n%3A1064954%2Cn%3A172574%2Cn%3A9277898011&dc&qid=1745391779&rnid=172574&ref=sr_nr_n_15,https://www.amazon.com/gp/browse.html?node=172574&ref_=nav_em_Office Electronics_0_2_17_7,Office Electronics
Telephones & Accessories,/s?rh=n%3A1064954%2Cn%3A172574%2Cn%3A172606&dc&qid=1745391779&rnid=172574&ref=sr_nr_n_16,https://www.amazon.com/gp/browse.html?node=172574&ref_=nav_em_Office Electronics_0_2_17_7,Office Electronics
Video Projectors & Accessories,/s?rh=n%3A1064954%2Cn%3A172574%2Cn%3A14759145011&dc&qid=1745391779&rnid=172574&ref=sr_nr_n_17,https://www.amazon.com/gp/browse.html?node=172574&ref_=nav_em_Office Electronics_0_2_17_7,Office Electronics
Accessories,/s?rh=n%3A172282%2Cn%3A502394%2Cn%3A172435&dc&qid=1745391781&rnid=502394&ref=sr_nr_n_2,https://www.amazon.com/gp/browse.html?node=502394&ref_=nav_em__p_0_2_17_8,"Camera, Photo &amp; Video"
Bags & Cases,/s?rh=n%3A172282%2Cn%3A502394%2Cn%3A172437&dc&qid=1745391781&rnid=502394&ref=sr_nr_n_3,https://www.amazon.com/gp/browse.html?node=502394&ref_=nav_em__p_0_2_17_8,"Camera, Photo &amp; Video"
Binoculars & Scopes,/s?rh=n%3A172282%2Cn%3A502394%2Cn%3A499320&dc&qid=1745391781&rnid=502394&ref=sr_nr_n_4,https://www.amazon.com/gp/browse.html?node=502394&ref_=nav_em__p_0_2_17_8,"Camera, Photo &amp; Video"
Digital Cameras,/s?rh=n%3A172282%2Cn%3A502394%2Cn%3A281052&dc&qid=1745391781&rnid=502394&ref=sr_nr_n_5,https://www.amazon.com/gp/browse.html?node=502394&ref_=nav_em__p_0_2_17_8,"Camera, Photo &amp; Video"
Film & Slide Scanners,/s?rh=n%3A172282%2Cn%3A502394%2Cn%3A5728049011&dc&qid=1745391781&rnid=502394&ref=sr_nr_n_6,https://www.amazon.com/gp/browse.html?node=502394&ref_=nav_em__p_0_2_17_8,"Camera, Photo &amp; Video"
Film Photography,/s?rh=n%3A172282%2Cn%3A502394%2Cn%3A7161070011&dc&qid=1745391781&rnid=502394&ref=sr_nr_n_7,https://www.amazon.com/gp/browse.html?node=502394&ref_=nav_em__p_0_2_17_8,"Camera, Photo &amp; Video"
Flashes,/s?rh=n%3A172282%2Cn%3A502394%2Cn%3A172447&dc&qid=1745391781&rnid=502394&ref=sr_nr_n_8,https://www.amazon.com/gp/browse.html?node=502394&ref_=nav_em__p_0_2_17_8,"Camera, Photo &amp; Video"
Lenses,/s?rh=n%3A172282%2Cn%3A502394%2Cn%3A499248&dc&qid=1745391781&rnid=502394&ref=sr_nr_n_9,https://www.amazon.com/gp/browse.html?node=502394&ref_=nav_em__p_0_2_17_8,"Camera, Photo &amp; Video"
Lighting & Studio,/s?rh=n%3A172282%2Cn%3A502394%2Cn%3A7161086011&dc&qid=1745391781&rnid=502394&ref=sr_nr_n_10,https://www.amazon.com/gp/browse.html?node=502394&ref_=nav_em__p_0_2_17_8,"Camera, Photo &amp; Video"
Photo Printers,/s?rh=n%3A172282%2Cn%3A502394%2Cn%3A17939179011&dc&qid=1745391781&rnid=502394&ref=sr_nr_n_11,https://www.amazon.com/gp/browse.html?node=502394&ref_=nav_em__p_0_2_17_8,"Camera, Photo &amp; Video"
Printers & Scanners,/s?rh=n%3A172282%2Cn%3A502394%2Cn%3A499328&dc&qid=1745391781&rnid=502394&ref=sr_nr_n_12,https://www.amazon.com/gp/browse.html?node=502394&ref_=nav_em__p_0_2_17_8,"Camera, Photo &amp; Video"
Simulated Cameras,/s?rh=n%3A172282%2Cn%3A502394%2Cn%3A14241441&dc&qid=1745391781&rnid=502394&ref=sr_nr_n_13,https://www.amazon.com/gp/browse.html?node=502394&ref_=nav_em__p_0_2_17_8,"Camera, Photo &amp; Video"
Tripods & Monopods,/s?rh=n%3A172282%2Cn%3A502394%2Cn%3A499306&dc&qid=1745391781&rnid=502394&ref=sr_nr_n_14,https://www.amazon.com/gp/browse.html?node=502394&ref_=nav_em__p_0_2_17_8,"Camera, Photo &amp; Video"
Underwater Photography,/s?rh=n%3A172282%2Cn%3A502394%2Cn%3A3350161&dc&qid=1745391781&rnid=502394&ref=sr_nr_n_15,https://www.amazon.com/gp/browse.html?node=502394&ref_=nav_em__p_0_2_17_8,"Camera, Photo &amp; Video"
Video,/s?rh=n%3A172282%2Cn%3A502394%2Cn%3A7161073011&dc&qid=1745391781&rnid=502394&ref=sr_nr_n_16,https://www.amazon.com/gp/browse.html?node=502394&ref_=nav_em__p_0_2_17_8,"Camera, Photo &amp; Video"
Video Projectors,/s?rh=n%3A172282%2Cn%3A502394%2Cn%3A300334&dc&qid=1745391781&rnid=502394&ref=sr_nr_n_17,https://www.amazon.com/gp/browse.html?node=502394&ref_=nav_em__p_0_2_17_8,"Camera, Photo &amp; Video"
Video Surveillance,/s?rh=n%3A172282%2Cn%3A502394%2Cn%3A7161091011&dc&qid=1745391781&rnid=502394&ref=sr_nr_n_18,https://www.amazon.com/gp/browse.html?node=502394&ref_=nav_em__p_0_2_17_8,"Camera, Photo &amp; Video"
"Clips, Arm & Wristbands",/s?rh=n%3A172282%2Cn%3A10048700011%2Cn%3A10048706011&dc&qid=1745391783&rnid=10048700011&ref=sr_nr_n_2,https://www.amazon.com/gp/browse.html?node=9013937011&ref_=nav_em_wear_tech_0_2_17_9,Wearable Technology
Glasses,/s?rh=n%3A172282%2Cn%3A10048700011%2Cn%3A10048708011&dc&qid=1745391783&rnid=10048700011&ref=sr_nr_n_3,https://www.amazon.com/gp/browse.html?node=9013937011&ref_=nav_em_wear_tech_0_2_17_9,Wearable Technology
Rings,/s?rh=n%3A172282%2Cn%3A10048700011%2Cn%3A10048711011&dc&qid=1745391783&rnid=10048700011&ref=sr_nr_n_4,https://www.amazon.com/gp/browse.html?node=9013937011&ref_=nav_em_wear_tech_0_2_17_9,Wearable Technology
Smartwatches,/s?rh=n%3A172282%2Cn%3A10048700011%2Cn%3A7939901011&dc&qid=1745391783&rnid=10048700011&ref=sr_nr_n_5,https://www.amazon.com/gp/browse.html?node=9013937011&ref_=nav_em_wear_tech_0_2_17_9,Wearable Technology
Virtual Reality,/s?rh=n%3A172282%2Cn%3A10048700011%2Cn%3A14775003011&dc&qid=1745391783&rnid=10048700011&ref=sr_nr_n_6,https://www.amazon.com/gp/browse.html?node=9013937011&ref_=nav_em_wear_tech_0_2_17_9,Wearable Technology
Activity Trackers,/s?rh=n%3A172282%2Cn%3A10048700011%2Cn%3A5393958011&dc&qid=1745391783&rnid=10048700011&ref=sr_nr_n_7,https://www.amazon.com/gp/browse.html?node=9013937011&ref_=nav_em_wear_tech_0_2_17_9,Wearable Technology
Arm & Wristband Accessories,/s?rh=n%3A172282%2Cn%3A10048700011%2Cn%3A10048712011&dc&qid=1745391783&rnid=10048700011&ref=sr_nr_n_8,https://www.amazon.com/gp/browse.html?node=9013937011&ref_=nav_em_wear_tech_0_2_17_9,Wearable Technology
Single Ear Bluetooth Headsets,/s?rh=n%3A172282%2Cn%3A10048700011%2Cn%3A18021376011&dc&qid=1745391783&rnid=10048700011&ref=sr_nr_n_9,https://www.amazon.com/gp/browse.html?node=9013937011&ref_=nav_em_wear_tech_0_2_17_9,Wearable Technology
Smart Clip Accessories,/s?rh=n%3A172282%2Cn%3A10048700011%2Cn%3A10048713011&dc&qid=1745391783&rnid=10048700011&ref=sr_nr_n_10,https://www.amazon.com/gp/browse.html?node=9013937011&ref_=nav_em_wear_tech_0_2_17_9,Wearable Technology
Smartwatch Accessories,/s?rh=n%3A172282%2Cn%3A10048700011%2Cn%3A7939902011&dc&qid=1745391783&rnid=10048700011&ref=sr_nr_n_11,https://www.amazon.com/gp/browse.html?node=9013937011&ref_=nav_em_wear_tech_0_2_17_9,Wearable Technology
VR Cell Phone Headsets,/s?rh=n%3A172282%2Cn%3A10048700011%2Cn%3A14775002011&dc&qid=1745391783&rnid=10048700011&ref=sr_nr_n_12,https://www.amazon.com/gp/browse.html?node=9013937011&ref_=nav_em_wear_tech_0_2_17_9,Wearable Technology
PlayStation 5,/s?rh=n%3A468642%2Cn%3A20972781011&dc&qid=1745391789&rnid=468642&ref=sr_nr_n_1,https://www.amazon.com/gp/browse.html?node=468642&ref_=nav_em__mw_cvg_0_2_17_12,Video Games
PlayStation 4,/s?rh=n%3A468642%2Cn%3A6427814011&dc&qid=1745391789&rnid=468642&ref=sr_nr_n_2,https://www.amazon.com/gp/browse.html?node=468642&ref_=nav_em__mw_cvg_0_2_17_12,Video Games
Xbox Series X & S,/s?rh=n%3A468642%2Cn%3A20972798011&dc&qid=1745391789&rnid=468642&ref=sr_nr_n_3,https://www.amazon.com/gp/browse.html?node=468642&ref_=nav_em__mw_cvg_0_2_17_12,Video Games
Xbox One,/s?rh=n%3A468642%2Cn%3A6469269011&dc&qid=1745391789&rnid=468642&ref=sr_nr_n_4,https://www.amazon.com/gp/browse.html?node=468642&ref_=nav_em__mw_cvg_0_2_17_12,Video Games
Nintendo Switch,/s?rh=n%3A468642%2Cn%3A16227128011&dc&qid=1745391789&rnid=468642&ref=sr_nr_n_5,https://www.amazon.com/gp/browse.html?node=468642&ref_=nav_em__mw_cvg_0_2_17_12,Video Games
PC,/s?rh=n%3A468642%2Cn%3A229575&dc&qid=1745391789&rnid=468642&ref=sr_nr_n_6,https://www.amazon.com/gp/browse.html?node=468642&ref_=nav_em__mw_cvg_0_2_17_12,Video Games
Mac,/s?rh=n%3A468642%2Cn%3A229647&dc&qid=1745391789&rnid=468642&ref=sr_nr_n_7,https://www.amazon.com/gp/browse.html?node=468642&ref_=nav_em__mw_cvg_0_2_17_12,Video Games
Legacy Systems,/s?rh=n%3A468642%2Cn%3A294940&dc&qid=1745391789&rnid=468642&ref=sr_nr_n_8,https://www.amazon.com/gp/browse.html?node=468642&ref_=nav_em__mw_cvg_0_2_17_12,Video Games
Online Game Services,/s?rh=n%3A468642%2Cn%3A17596052011&dc&qid=1745391789&rnid=468642&ref=sr_nr_n_9,https://www.amazon.com/gp/browse.html?node=468642&ref_=nav_em__mw_cvg_0_2_17_12,Video Games
Handheld Game Systems,/s?rh=n%3A468642%2Cn%3A120387867011&dc&qid=1745391789&rnid=468642&ref=sr_nr_n_10,https://www.amazon.com/gp/browse.html?node=468642&ref_=nav_em__mw_cvg_0_2_17_12,Video Games
Virtual Reality,/s?rh=n%3A468642%2Cn%3A21479453011&dc&qid=1745391789&rnid=468642&ref=sr_nr_n_11,https://www.amazon.com/gp/browse.html?node=468642&ref_=nav_em__mw_cvg_0_2_17_12,Video Games
Accounting & Finance,/s?rh=n%3A229534%2Cn%3A5223260011&dc&qid=1745391790&rnid=229534&ref=sr_nr_n_1,https://www.amazon.com/gp/browse.html?node=229534&ref_=nav_em__mw_sw_0_2_17_13,Software
Antivirus & Security,/s?rh=n%3A229534%2Cn%3A229677&dc&qid=1745391790&rnid=229534&ref=sr_nr_n_2,https://www.amazon.com/gp/browse.html?node=229534&ref_=nav_em__mw_sw_0_2_17_13,Software
Business & Office,/s?rh=n%3A229534%2Cn%3A229535&dc&qid=1745391790&rnid=229534&ref=sr_nr_n_3,https://www.amazon.com/gp/browse.html?node=229534&ref_=nav_em__mw_sw_0_2_17_13,Software
Children's,/s?rh=n%3A229534%2Cn%3A229548&dc&qid=1745391790&rnid=229534&ref=sr_nr_n_4,https://www.amazon.com/gp/browse.html?node=229534&ref_=nav_em__mw_sw_0_2_17_13,Software
Education & Reference,/s?rh=n%3A229534%2Cn%3A229563&dc&qid=1745391790&rnid=229534&ref=sr_nr_n_5,https://www.amazon.com/gp/browse.html?node=229534&ref_=nav_em__mw_sw_0_2_17_13,Software
Lifestyle & Hobbies,/s?rh=n%3A229534%2Cn%3A229624&dc&qid=1745391790&rnid=229534&ref=sr_nr_n_6,https://www.amazon.com/gp/browse.html?node=229534&ref_=nav_em__mw_sw_0_2_17_13,Software
Music,/s?rh=n%3A229534%2Cn%3A497022&dc&qid=1745391790&rnid=229534&ref=sr_nr_n_7,https://www.amazon.com/gp/browse.html?node=229534&ref_=nav_em__mw_sw_0_2_17_13,Software
Networking & Servers,/s?rh=n%3A229534%2Cn%3A229637&dc&qid=1745391790&rnid=229534&ref=sr_nr_n_8,https://www.amazon.com/gp/browse.html?node=229534&ref_=nav_em__mw_sw_0_2_17_13,Software
Operating Systems,/s?rh=n%3A229534%2Cn%3A229653&dc&qid=1745391790&rnid=229534&ref=sr_nr_n_9,https://www.amazon.com/gp/browse.html?node=229534&ref_=nav_em__mw_sw_0_2_17_13,Software
Photography & Graphic Design,/s?rh=n%3A229534%2Cn%3A229614&dc&qid=1745391790&rnid=229534&ref=sr_nr_n_10,https://www.amazon.com/gp/browse.html?node=229534&ref_=nav_em__mw_sw_0_2_17_13,Software
Programming & Web Development,/s?rh=n%3A229534%2Cn%3A5223262011&dc&qid=1745391790&rnid=229534&ref=sr_nr_n_11,https://www.amazon.com/gp/browse.html?node=229534&ref_=nav_em__mw_sw_0_2_17_13,Software
Tax Preparation,/s?rh=n%3A229534%2Cn%3A229545&dc&qid=1745391790&rnid=229534&ref=sr_nr_n_12,https://www.amazon.com/gp/browse.html?node=229534&ref_=nav_em__mw_sw_0_2_17_13,Software
Utilities,/s?rh=n%3A229534%2Cn%3A229672&dc&qid=1745391790&rnid=229534&ref=sr_nr_n_13,https://www.amazon.com/gp/browse.html?node=229534&ref_=nav_em__mw_sw_0_2_17_13,Software
Video,/s?rh=n%3A229534%2Cn%3A290542&dc&qid=1745391790&rnid=229534&ref=sr_nr_n_14,https://www.amazon.com/gp/browse.html?node=229534&ref_=nav_em__mw_sw_0_2_17_13,Software
Accessories & Supplies,/s?rh=n%3A172282%2Cn%3A281407&dc&qid=1745391795&rnid=172282&ref=sr_nr_n_1,https://www.amazon.com/gp/browse.html?node=172282&ref_=nav_em__elec_mw_hub_0_2_17_2,Electronics Showcase
Camera & Photo,/s?rh=n%3A172282%2Cn%3A502394&dc&qid=1745391795&rnid=172282&ref=sr_nr_n_2,https://www.amazon.com/gp/browse.html?node=172282&ref_=nav_em__elec_mw_hub_0_2_17_2,Electronics Showcase
Car & Vehicle Electronics,/s?rh=n%3A172282%2Cn%3A3248684011&dc&qid=1745391795&rnid=172282&ref=sr_nr_n_3,https://www.amazon.com/gp/browse.html?node=172282&ref_=nav_em__elec_mw_hub_0_2_17_2,Electronics Showcase
Cell Phones & Accessories,/s?rh=n%3A172282%2Cn%3A2811119011&dc&qid=1745391795&rnid=172282&ref=sr_nr_n_4,https://www.amazon.com/gp/browse.html?node=172282&ref_=nav_em__elec_mw_hub_0_2_17_2,Electronics Showcase
Computers & Accessories,/s?rh=n%3A172282%2Cn%3A541966&dc&qid=1745391795&rnid=172282&ref=sr_nr_n_5,https://www.amazon.com/gp/browse.html?node=172282&ref_=nav_em__elec_mw_hub_0_2_17_2,Electronics Showcase
Electronic Protection Plans,/s?rh=n%3A172282%2Cn%3A2242348011&dc&qid=1745391795&rnid=172282&ref=sr_nr_n_6,https://www.amazon.com/gp/browse.html?node=172282&ref_=nav_em__elec_mw_hub_0_2_17_2,Electronics Showcase
"GPS, Finders & Accessories",/s?rh=n%3A172282%2Cn%3A172526&dc&qid=1745391795&rnid=172282&ref=sr_nr_n_7,https://www.amazon.com/gp/browse.html?node=172282&ref_=nav_em__elec_mw_hub_0_2_17_2,Electronics Showcase
Home Audio,/s?rh=n%3A172282%2Cn%3A667846011&dc&qid=1745391795&rnid=172282&ref=sr_nr_n_8,https://www.amazon.com/gp/browse.html?node=172282&ref_=nav_em__elec_mw_hub_0_2_17_2,Electronics Showcase
Office Electronics,/s?rh=n%3A172282%2Cn%3A172574&dc&qid=1745391795&rnid=172282&ref=sr_nr_n_9,https://www.amazon.com/gp/browse.html?node=172282&ref_=nav_em__elec_mw_hub_0_2_17_2,Electronics Showcase
Portable Audio & Video,/s?rh=n%3A172282%2Cn%3A172623&dc&qid=1745391795&rnid=172282&ref=sr_nr_n_10,https://www.amazon.com/gp/browse.html?node=172282&ref_=nav_em__elec_mw_hub_0_2_17_2,Electronics Showcase
Security & Surveillance,/s?rh=n%3A172282%2Cn%3A524136&dc&qid=1745391795&rnid=172282&ref=sr_nr_n_11,https://www.amazon.com/gp/browse.html?node=172282&ref_=nav_em__elec_mw_hub_0_2_17_2,Electronics Showcase
Television & Video,/s?rh=n%3A172282%2Cn%3A1266092011&dc&qid=1745391795&rnid=172282&ref=sr_nr_n_12,https://www.amazon.com/gp/browse.html?node=172282&ref_=nav_em__elec_mw_hub_0_2_17_2,Electronics Showcase
Video Game Consoles & Accessories,/s?rh=n%3A172282%2Cn%3A7926841011&dc&qid=1745391795&rnid=172282&ref=sr_nr_n_13,https://www.amazon.com/gp/browse.html?node=172282&ref_=nav_em__elec_mw_hub_0_2_17_2,Electronics Showcase
Video Projectors,/s?rh=n%3A172282%2Cn%3A300334&dc&qid=1745391795&rnid=172282&ref=sr_nr_n_14,https://www.amazon.com/gp/browse.html?node=172282&ref_=nav_em__elec_mw_hub_0_2_17_2,Electronics Showcase
Wearable Technology,/s?rh=n%3A172282%2Cn%3A10048700011&dc&qid=1745391795&rnid=172282&ref=sr_nr_n_15,https://www.amazon.com/gp/browse.html?node=172282&ref_=nav_em__elec_mw_hub_0_2_17_2,Electronics Showcase
eBook Readers & Accessories,/s?rh=n%3A172282%2Cn%3A2642125011&dc&qid=1745391795&rnid=172282&ref=sr_nr_n_16,https://www.amazon.com/gp/browse.html?node=172282&ref_=nav_em__elec_mw_hub_0_2_17_2,Electronics Showcase
"Headphones, Earbuds & Accessories",/s?rh=n%3A172282%2Cn%3A24046923011&dc&qid=1745391795&rnid=172282&ref=sr_nr_n_17,https://www.amazon.com/gp/browse.html?node=172282&ref_=nav_em__elec_mw_hub_0_2_17_2,Electronics Showcase
"Household Batteries, Chargers & Accessories",/s?rh=n%3A172282%2Cn%3A21608214011&dc&qid=1745391795&rnid=172282&ref=sr_nr_n_18,https://www.amazon.com/gp/browse.html?node=172282&ref_=nav_em__elec_mw_hub_0_2_17_2,Electronics Showcase
Power Accessories,/s?rh=n%3A172282%2Cn%3A21608215011&dc&qid=1745391795&rnid=172282&ref=sr_nr_n_19,https://www.amazon.com/gp/browse.html?node=172282&ref_=nav_em__elec_mw_hub_0_2_17_2,Electronics Showcase
Tablets,/s?rh=n%3A172282%2Cn%3A1232597011&dc&qid=1745391795&rnid=172282&ref=sr_nr_n_20,https://www.amazon.com/gp/browse.html?node=172282&ref_=nav_em__elec_mw_hub_0_2_17_2,Electronics Showcase
Unlocked Phones,/gp/browse.html?rw_useCurrentProtocol=1&node=116069714011&ref_=amb_link_jBlj25x2QLuQMxbePNsLFA_1,https://www.amazon.com/gp/browse.html?node=2335752011&ref_=nav_em__wi_0_2_17_3,Cell Phones &amp; Accessories
Prepaid Minutes & SIM Cards,/gp/browse.html?rw_useCurrentProtocol=1&node=3345523011&ref_=amb_link_jBlj25x2QLuQMxbePNsLFA_2,https://www.amazon.com/gp/browse.html?node=2335752011&ref_=nav_em__wi_0_2_17_3,Cell Phones &amp; Accessories
Trade-In,/gp/browse.html?rw_useCurrentProtocol=1&node=9187220011&ref_=amb_link_jBlj25x2QLuQMxbePNsLFA_3,https://www.amazon.com/gp/browse.html?node=2335752011&ref_=nav_em__wi_0_2_17_3,Cell Phones &amp; Accessories
Renewed Phones,/gp/browse.html?rw_useCurrentProtocol=1&node=7072561011&ref_=wl_nav_left_cpa_700,https://www.amazon.com/gp/browse.html?node=2335752011&ref_=nav_em__wi_0_2_17_3,Cell Phones &amp; Accessories
Iphone Cases,/gp/browse.html?rw_useCurrentProtocol=1&node=117156816011&ref_=amb_link_jBlj25x2QLuQMxbePNsLFA_5,https://www.amazon.com/gp/browse.html?node=2335752011&ref_=nav_em__wi_0_2_17_3,Cell Phones &amp; Accessories
Samsung Cases,/gp/browse.html?rw_useCurrentProtocol=1&node=117156819011&ref_=amb_link_jBlj25x2QLuQMxbePNsLFA_6,https://www.amazon.com/gp/browse.html?node=2335752011&ref_=nav_em__wi_0_2_17_3,Cell Phones &amp; Accessories
Google Pixel Cases,/gp/browse.html?rw_useCurrentProtocol=1&node=117157229011&ref_=amb_link_jBlj25x2QLuQMxbePNsLFA_7,https://www.amazon.com/gp/browse.html?node=2335752011&ref_=nav_em__wi_0_2_17_3,Cell Phones &amp; Accessories
All Cases,/gp/browse.html?rw_useCurrentProtocol=1&node=2407760011&ref_=amb_link_jBlj25x2QLuQMxbePNsLFA_8,https://www.amazon.com/gp/browse.html?node=2335752011&ref_=nav_em__wi_0_2_17_3,Cell Phones &amp; Accessories
Bluetooth Earbuds & Headphones,/gp/browse.html?rw_useCurrentProtocol=1&node=172541&ref_=amb_link_jBlj25x2QLuQMxbePNsLFA_9,https://www.amazon.com/gp/browse.html?node=2335752011&ref_=nav_em__wi_0_2_17_3,Cell Phones &amp; Accessories
Smart Watches & Wearable Tech,/gp/browse.html?rw_useCurrentProtocol=1&node=10048700011&ref_=amb_link_jBlj25x2QLuQMxbePNsLFA_10,https://www.amazon.com/gp/browse.html?node=2335752011&ref_=nav_em__wi_0_2_17_3,Cell Phones &amp; Accessories
Item Finders,/gp/browse.html?rw_useCurrentProtocol=1&node=117162238011&ref_=amb_link_jBlj25x2QLuQMxbePNsLFA_11,https://www.amazon.com/gp/browse.html?node=2335752011&ref_=nav_em__wi_0_2_17_3,Cell Phones &amp; Accessories
Charging Accessories,/gp/browse.html?rw_useCurrentProtocol=1&node=2407761011&ref_=amb_link_jBlj25x2QLuQMxbePNsLFA_12,https://www.amazon.com/gp/browse.html?node=2335752011&ref_=nav_em__wi_0_2_17_3,Cell Phones &amp; Accessories
Car Accessories,/gp/browse.html?rw_useCurrentProtocol=1&node=2407759011&ref_=amb_link_jBlj25x2QLuQMxbePNsLFA_13,https://www.amazon.com/gp/browse.html?node=2335752011&ref_=nav_em__wi_0_2_17_3,Cell Phones &amp; Accessories
Screen Protectors,/gp/browse.html?rw_useCurrentProtocol=1&node=2407781011&ref_=amb_link_jBlj25x2QLuQMxbePNsLFA_14,https://www.amazon.com/gp/browse.html?node=2335752011&ref_=nav_em__wi_0_2_17_3,Cell Phones &amp; Accessories
Signal Boosters,/gp/browse.html?rw_useCurrentProtocol=1&node=2407782011&ref_=amb_link_jBlj25x2QLuQMxbePNsLFA_15,https://www.amazon.com/gp/browse.html?node=2335752011&ref_=nav_em__wi_0_2_17_3,Cell Phones &amp; Accessories
Phone Grips,/gp/browse.html?rw_useCurrentProtocol=1&node=21209098011&ref_=amb_link_jBlj25x2QLuQMxbePNsLFA_16,https://www.amazon.com/gp/browse.html?node=2335752011&ref_=nav_em__wi_0_2_17_3,Cell Phones &amp; Accessories
Amazon Basics,/gp/browse.html?rw_useCurrentProtocol=1&node=%3Dnav_cs_amazonbasics&ref_=amb_link_jBlj25x2QLuQMxbePNsLFA_17,https://www.amazon.com/gp/browse.html?node=2335752011&ref_=nav_em__wi_0_2_17_3,Cell Phones &amp; Accessories
Handpicked Electronics,/gp/browse.html?rw_useCurrentProtocol=1&node=12691228011&ref_=amb_link_BpW_pJfGS-SH8sCy2LOykw_1,https://www.amazon.com/gp/browse.html?node=541966&ref_=nav_em__pc_ce_0_2_17_4,Computers
Laptops,/gp/browse.html?rw_useCurrentProtocol=1&node=565108&ref_=amb_link_BpW_pJfGS-SH8sCy2LOykw_2,https://www.amazon.com/gp/browse.html?node=541966&ref_=nav_em__pc_ce_0_2_17_4,Computers
Desktops,/gp/browse.html?rw_useCurrentProtocol=1&node=565098&ref_=amb_link_BpW_pJfGS-SH8sCy2LOykw_3,https://www.amazon.com/gp/browse.html?node=541966&ref_=nav_em__pc_ce_0_2_17_4,Computers
PC Gaming,/gp/browse.html?rw_useCurrentProtocol=1&node=8588809011&ref_=amb_link_BpW_pJfGS-SH8sCy2LOykw_4,https://www.amazon.com/gp/browse.html?node=541966&ref_=nav_em__pc_ce_0_2_17_4,Computers
Monitors,/gp/browse.html?rw_useCurrentProtocol=1&node=1292115011&ref_=amb_link_BpW_pJfGS-SH8sCy2LOykw_5,https://www.amazon.com/gp/browse.html?node=541966&ref_=nav_em__pc_ce_0_2_17_4,Computers
Tablets,/gp/browse.html?rw_useCurrentProtocol=1&node=1232597011&ref_=amb_link_BpW_pJfGS-SH8sCy2LOykw_6,https://www.amazon.com/gp/browse.html?node=541966&ref_=nav_em__pc_ce_0_2_17_4,Computers
Computer Accessories,/gp/browse.html?rw_useCurrentProtocol=1&node=172456&ref_=amb_link_BpW_pJfGS-SH8sCy2LOykw_7,https://www.amazon.com/gp/browse.html?node=541966&ref_=nav_em__pc_ce_0_2_17_4,Computers
Networking,/gp/browse.html?rw_useCurrentProtocol=1&node=172504&ref_=amb_link_BpW_pJfGS-SH8sCy2LOykw_8,https://www.amazon.com/gp/browse.html?node=541966&ref_=nav_em__pc_ce_0_2_17_4,Computers
Computer Components,/gp/browse.html?rw_useCurrentProtocol=1&node=193870011&ref_=amb_link_BpW_pJfGS-SH8sCy2LOykw_9,https://www.amazon.com/gp/browse.html?node=541966&ref_=nav_em__pc_ce_0_2_17_4,Computers
Drives & Storage,/gp/browse.html?rw_useCurrentProtocol=1&node=1292110011&ref_=amb_link_BpW_pJfGS-SH8sCy2LOykw_10,https://www.amazon.com/gp/browse.html?node=541966&ref_=nav_em__pc_ce_0_2_17_4,Computers
Laptops,/Best-Sellers-Electronics-Laptop-Computers/zgbs/electronics/565108?rw_useCurrentProtocol=1&ref_=amb_link_BpW_pJfGS-SH8sCy2LOykw_11,https://www.amazon.com/gp/browse.html?node=541966&ref_=nav_em__pc_ce_0_2_17_4,Computers
Desktops,/Best-Sellers-Electronics-Desktop-Computers/zgbs/electronics/565098?rw_useCurrentProtocol=1&ref_=amb_link_BpW_pJfGS-SH8sCy2LOykw_12,https://www.amazon.com/gp/browse.html?node=541966&ref_=nav_em__pc_ce_0_2_17_4,Computers
PC Gaming,/Best-Sellers-Electronics-Video-Game-Consoles-Accessories/zgbs/electronics/7926841011?rw_useCurrentProtocol=1&ref_=amb_link_BpW_pJfGS-SH8sCy2LOykw_13,https://www.amazon.com/gp/browse.html?node=541966&ref_=nav_em__pc_ce_0_2_17_4,Computers
Monitors,/Best-Sellers-Electronics-Computer-Monitors/zgbs/electronics/1292115011?rw_useCurrentProtocol=1&ref_=amb_link_BpW_pJfGS-SH8sCy2LOykw_14,https://www.amazon.com/gp/browse.html?node=541966&ref_=nav_em__pc_ce_0_2_17_4,Computers
Tablets,/Best-Sellers-Electronics-Computer-Tablets/zgbs/electronics/1232597011?rw_useCurrentProtocol=1&ref_=amb_link_BpW_pJfGS-SH8sCy2LOykw_15,https://www.amazon.com/gp/browse.html?node=541966&ref_=nav_em__pc_ce_0_2_17_4,Computers
Laptop Accessories,/Best-Sellers-Electronics-Laptop-Accessories/zgbs/electronics/3011391011?rw_useCurrentProtocol=1&ref_=amb_link_BpW_pJfGS-SH8sCy2LOykw_16,https://www.amazon.com/gp/browse.html?node=541966&ref_=nav_em__pc_ce_0_2_17_4,Computers
Networking Products,/Best-Sellers-Electronics-Computer-Networking/zgbs/electronics/172504?rw_useCurrentProtocol=1&ref_=amb_link_BpW_pJfGS-SH8sCy2LOykw_17,https://www.amazon.com/gp/browse.html?node=541966&ref_=nav_em__pc_ce_0_2_17_4,Computers
Computer Components,/Best-Sellers-Electronics-Computer-Components/zgbs/electronics/193870011?rw_useCurrentProtocol=1&ref_=amb_link_BpW_pJfGS-SH8sCy2LOykw_18,https://www.amazon.com/gp/browse.html?node=541966&ref_=nav_em__pc_ce_0_2_17_4,Computers
Drives & Storage Products,/Best-Sellers-Electronics-Data-Storage/zgbs/electronics/1292110011?rw_useCurrentProtocol=1&ref_=amb_link_BpW_pJfGS-SH8sCy2LOykw_19,https://www.amazon.com/gp/browse.html?node=541966&ref_=nav_em__pc_ce_0_2_17_4,Computers
Printers & Ink,/gp/browse.html?rw_useCurrentProtocol=1&node=172635&ref_=amb_link_BpW_pJfGS-SH8sCy2LOykw_20,https://www.amazon.com/gp/browse.html?node=541966&ref_=nav_em__pc_ce_0_2_17_4,Computers
Software,/gp/browse.html?rw_useCurrentProtocol=1&node=229534&ref_=amb_link_BpW_pJfGS-SH8sCy2LOykw_21,https://www.amazon.com/gp/browse.html?node=541966&ref_=nav_em__pc_ce_0_2_17_4,Computers
Office Electronics,/gp/browse.html?rw_useCurrentProtocol=1&node=172574&ref_=amb_link_BpW_pJfGS-SH8sCy2LOykw_22,https://www.amazon.com/gp/browse.html?node=541966&ref_=nav_em__pc_ce_0_2_17_4,Computers
Accessories,/s?rh=n%3A172282%2Cn%3A1266092011%2Cn%3A3230976011&dc&qid=1745391802&rnid=1266092011&ref=sr_nr_n_2,https://www.amazon.com/gp/browse.html?node=1266092011&ref_=nav_em__tv_0_2_17_5,TV &amp; Video
Analog-to-Digital (DTV) Converters,/s?rh=n%3A172282%2Cn%3A1266092011%2Cn%3A979935011&dc&qid=1745391802&rnid=1266092011&ref=sr_nr_n_3,https://www.amazon.com/gp/browse.html?node=1266092011&ref_=nav_em__tv_0_2_17_5,TV &amp; Video
AV Receivers & Amplifiers,/s?rh=n%3A172282%2Cn%3A1266092011%2Cn%3A3213035011&dc&qid=1745391802&rnid=1266092011&ref=sr_nr_n_4,https://www.amazon.com/gp/browse.html?node=1266092011&ref_=nav_em__tv_0_2_17_5,TV &amp; Video
Blu-ray Players & Recorders,/s?rh=n%3A172282%2Cn%3A1266092011%2Cn%3A3213025011&dc&qid=1745391802&rnid=1266092011&ref=sr_nr_n_5,https://www.amazon.com/gp/browse.html?node=1266092011&ref_=nav_em__tv_0_2_17_5,TV &amp; Video
DVD Players & Recorders,/s?rh=n%3A172282%2Cn%3A1266092011%2Cn%3A3213027011&dc&qid=1745391802&rnid=1266092011&ref=sr_nr_n_6,https://www.amazon.com/gp/browse.html?node=1266092011&ref_=nav_em__tv_0_2_17_5,TV &amp; Video
DVD-VCR Combos,/s?rh=n%3A172282%2Cn%3A1266092011%2Cn%3A886258&dc&qid=1745391802&rnid=1266092011&ref=sr_nr_n_7,https://www.amazon.com/gp/browse.html?node=1266092011&ref_=nav_em__tv_0_2_17_5,TV &amp; Video
HD DVD Players,/s?rh=n%3A172282%2Cn%3A1266092011%2Cn%3A352696011&dc&qid=1745391802&rnid=1266092011&ref=sr_nr_n_8,https://www.amazon.com/gp/browse.html?node=1266092011&ref_=nav_em__tv_0_2_17_5,TV &amp; Video
Home Theater Systems,/s?rh=n%3A172282%2Cn%3A1266092011%2Cn%3A281056&dc&qid=1745391802&rnid=1266092011&ref=sr_nr_n_9,https://www.amazon.com/gp/browse.html?node=1266092011&ref_=nav_em__tv_0_2_17_5,TV &amp; Video
Satellite Television,/s?rh=n%3A172282%2Cn%3A1266092011%2Cn%3A400080&dc&qid=1745391802&rnid=1266092011&ref=sr_nr_n_10,https://www.amazon.com/gp/browse.html?node=1266092011&ref_=nav_em__tv_0_2_17_5,TV &amp; Video
Streaming Media Players,/s?rh=n%3A172282%2Cn%3A1266092011%2Cn%3A13447451&dc&qid=1745391802&rnid=1266092011&ref=sr_nr_n_11,https://www.amazon.com/gp/browse.html?node=1266092011&ref_=nav_em__tv_0_2_17_5,TV &amp; Video
Televisions,/s?rh=n%3A172282%2Cn%3A1266092011%2Cn%3A172659&dc&qid=1745391802&rnid=1266092011&ref=sr_nr_n_12,https://www.amazon.com/gp/browse.html?node=1266092011&ref_=nav_em__tv_0_2_17_5,TV &amp; Video
TV-DVD Combos,/s?rh=n%3A172282%2Cn%3A1266092011%2Cn%3A578960&dc&qid=1745391802&rnid=1266092011&ref=sr_nr_n_13,https://www.amazon.com/gp/browse.html?node=1266092011&ref_=nav_em__tv_0_2_17_5,TV &amp; Video
VCRs,/s?rh=n%3A172282%2Cn%3A1266092011%2Cn%3A172669&dc&qid=1745391802&rnid=1266092011&ref=sr_nr_n_14,https://www.amazon.com/gp/browse.html?node=1266092011&ref_=nav_em__tv_0_2_17_5,TV &amp; Video
Video Glasses,/s?rh=n%3A172282%2Cn%3A1266092011%2Cn%3A3213034011&dc&qid=1745391802&rnid=1266092011&ref=sr_nr_n_15,https://www.amazon.com/gp/browse.html?node=1266092011&ref_=nav_em__tv_0_2_17_5,TV &amp; Video
In Ear Earbud Headphones,/gp/browse.html?rw_useCurrentProtocol=1&node=12097478011&ref_=amb_link_wWKVXRlOSpW2CEglBx9yZg_1,https://www.amazon.com/gp/browse.html?node=172541&ref_=nav_em_headphones_0_2_17_6,Headphones
Over-Ear Headphones,/gp/browse.html?rw_useCurrentProtocol=1&node=12097479011&ref_=amb_link_wWKVXRlOSpW2CEglBx9yZg_2,https://www.amazon.com/gp/browse.html?node=172541&ref_=nav_em_headphones_0_2_17_6,Headphones
On-Ear Headphones,/gp/browse.html?rw_useCurrentProtocol=1&node=12097480011&ref_=amb_link_wWKVXRlOSpW2CEglBx9yZg_3,https://www.amazon.com/gp/browse.html?node=172541&ref_=nav_em_headphones_0_2_17_6,Headphones
Bluetooth Headphones,/gp/browse.html?rw_useCurrentProtocol=1&node=12097501011&ref_=amb_link_wWKVXRlOSpW2CEglBx9yZg_4,https://www.amazon.com/gp/browse.html?node=172541&ref_=nav_em_headphones_0_2_17_6,Headphones
Sports and Fitness Headphones,/gp/browse.html?rw_useCurrentProtocol=1&node=2266980011&ref_=amb_link_wWKVXRlOSpW2CEglBx9yZg_5,https://www.amazon.com/gp/browse.html?node=172541&ref_=nav_em_headphones_0_2_17_6,Headphones
Noise-cancelling Headphones,/gp/browse.html?rw_useCurrentProtocol=1&node=509318&ref_=amb_link_wWKVXRlOSpW2CEglBx9yZg_6,https://www.amazon.com/gp/browse.html?node=172541&ref_=nav_em_headphones_0_2_17_6,Headphones
Premium Audio Headphones,/gp/browse.html?rw_useCurrentProtocol=1&node=12097486011&ref_=amb_link_wWKVXRlOSpW2CEglBx9yZg_7,https://www.amazon.com/gp/browse.html?node=172541&ref_=nav_em_headphones_0_2_17_6,Headphones
DJ/Professional Headphones,/gp/browse.html?rw_useCurrentProtocol=1&node=11974971&ref_=amb_link_wWKVXRlOSpW2CEglBx9yZg_8,https://www.amazon.com/gp/browse.html?node=172541&ref_=nav_em_headphones_0_2_17_6,Headphones
All deals,/gp/browse.html?rw_useCurrentProtocol=1&node=11601506011&ref_=amb_link_wWKVXRlOSpW2CEglBx9yZg_9,https://www.amazon.com/gp/browse.html?node=172541&ref_=nav_em_headphones_0_2_17_6,Headphones
Calculators,/s?rh=n%3A1064954%2Cn%3A172574%2Cn%3A172518&dc&qid=1745391805&rnid=172574&ref=sr_nr_n_2,https://www.amazon.com/gp/browse.html?node=172574&ref_=nav_em_Office Electronics_0_2_17_7,Office Electronics
Copiers,/s?rh=n%3A1064954%2Cn%3A172574%2Cn%3A172576&dc&qid=1745391805&rnid=172574&ref=sr_nr_n_3,https://www.amazon.com/gp/browse.html?node=172574&ref_=nav_em_Office Electronics_0_2_17_7,Office Electronics
Document Cameras,/s?rh=n%3A1064954%2Cn%3A172574%2Cn%3A5728045011&dc&qid=1745391805&rnid=172574&ref=sr_nr_n_4,https://www.amazon.com/gp/browse.html?node=172574&ref_=nav_em_Office Electronics_0_2_17_7,Office Electronics
"Electronic Dictionaries, Thesauri & Translators",/s?rh=n%3A1064954%2Cn%3A172574%2Cn%3A11072581&dc&qid=1745391805&rnid=172574&ref=sr_nr_n_5,https://www.amazon.com/gp/browse.html?node=172574&ref_=nav_em_Office Electronics_0_2_17_7,Office Electronics
Fax Machines,/s?rh=n%3A1064954%2Cn%3A172574%2Cn%3A172582&dc&qid=1745391805&rnid=172574&ref=sr_nr_n_6,https://www.amazon.com/gp/browse.html?node=172574&ref_=nav_em_Office Electronics_0_2_17_7,Office Electronics
Other Office Equipment,/s?rh=n%3A1064954%2Cn%3A172574%2Cn%3A281418&dc&qid=1745391805&rnid=172574&ref=sr_nr_n_7,https://www.amazon.com/gp/browse.html?node=172574&ref_=nav_em_Office Electronics_0_2_17_7,Office Electronics
PDAs & Handhelds,/s?rh=n%3A1064954%2Cn%3A172574%2Cn%3A172594&dc&qid=1745391805&rnid=172574&ref=sr_nr_n_8,https://www.amazon.com/gp/browse.html?node=172574&ref_=nav_em_Office Electronics_0_2_17_7,Office Electronics
Point-of-Sale (POS) Equipment,/s?rh=n%3A1064954%2Cn%3A172574%2Cn%3A15442734011&dc&qid=1745391805&rnid=172574&ref=sr_nr_n_9,https://www.amazon.com/gp/browse.html?node=172574&ref_=nav_em_Office Electronics_0_2_17_7,Office Electronics
Presentation Products,/s?rh=n%3A1064954%2Cn%3A172574%2Cn%3A300333&dc&qid=1745391805&rnid=172574&ref=sr_nr_n_10,https://www.amazon.com/gp/browse.html?node=172574&ref_=nav_em_Office Electronics_0_2_17_7,Office Electronics
Printers,/s?rh=n%3A1064954%2Cn%3A172574%2Cn%3A172635&dc&qid=1745391805&rnid=172574&ref=sr_nr_n_11,https://www.amazon.com/gp/browse.html?node=172574&ref_=nav_em_Office Electronics_0_2_17_7,Office Electronics
Printers & Accessories,/s?rh=n%3A1064954%2Cn%3A172574%2Cn%3A9424016011&dc&qid=1745391805&rnid=172574&ref=sr_nr_n_12,https://www.amazon.com/gp/browse.html?node=172574&ref_=nav_em_Office Electronics_0_2_17_7,Office Electronics
Projectors,/s?rh=n%3A1064954%2Cn%3A172574%2Cn%3A300334&dc&qid=1745391805&rnid=172574&ref=sr_nr_n_13,https://www.amazon.com/gp/browse.html?node=172574&ref_=nav_em_Office Electronics_0_2_17_7,Office Electronics
Scanners,/s?rh=n%3A1064954%2Cn%3A172574%2Cn%3A172584&dc&qid=1745391805&rnid=172574&ref=sr_nr_n_14,https://www.amazon.com/gp/browse.html?node=172574&ref_=nav_em_Office Electronics_0_2_17_7,Office Electronics
Scanners & Accessories,/s?rh=n%3A1064954%2Cn%3A172574%2Cn%3A9277898011&dc&qid=1745391805&rnid=172574&ref=sr_nr_n_15,https://www.amazon.com/gp/browse.html?node=172574&ref_=nav_em_Office Electronics_0_2_17_7,Office Electronics
Telephones & Accessories,/s?rh=n%3A1064954%2Cn%3A172574%2Cn%3A172606&dc&qid=1745391805&rnid=172574&ref=sr_nr_n_16,https://www.amazon.com/gp/browse.html?node=172574&ref_=nav_em_Office Electronics_0_2_17_7,Office Electronics
Video Projectors & Accessories,/s?rh=n%3A1064954%2Cn%3A172574%2Cn%3A14759145011&dc&qid=1745391805&rnid=172574&ref=sr_nr_n_17,https://www.amazon.com/gp/browse.html?node=172574&ref_=nav_em_Office Electronics_0_2_17_7,Office Electronics
Accessories,/s?rh=n%3A172282%2Cn%3A502394%2Cn%3A172435&dc&qid=1745391808&rnid=502394&ref=sr_nr_n_2,https://www.amazon.com/gp/browse.html?node=502394&ref_=nav_em__p_0_2_17_8,"Camera, Photo &amp; Video"
Bags & Cases,/s?rh=n%3A172282%2Cn%3A502394%2Cn%3A172437&dc&qid=1745391808&rnid=502394&ref=sr_nr_n_3,https://www.amazon.com/gp/browse.html?node=502394&ref_=nav_em__p_0_2_17_8,"Camera, Photo &amp; Video"
Binoculars & Scopes,/s?rh=n%3A172282%2Cn%3A502394%2Cn%3A499320&dc&qid=1745391808&rnid=502394&ref=sr_nr_n_4,https://www.amazon.com/gp/browse.html?node=502394&ref_=nav_em__p_0_2_17_8,"Camera, Photo &amp; Video"
Digital Cameras,/s?rh=n%3A172282%2Cn%3A502394%2Cn%3A281052&dc&qid=1745391808&rnid=502394&ref=sr_nr_n_5,https://www.amazon.com/gp/browse.html?node=502394&ref_=nav_em__p_0_2_17_8,"Camera, Photo &amp; Video"
Film & Slide Scanners,/s?rh=n%3A172282%2Cn%3A502394%2Cn%3A5728049011&dc&qid=1745391808&rnid=502394&ref=sr_nr_n_6,https://www.amazon.com/gp/browse.html?node=502394&ref_=nav_em__p_0_2_17_8,"Camera, Photo &amp; Video"
Film Photography,/s?rh=n%3A172282%2Cn%3A502394%2Cn%3A7161070011&dc&qid=1745391808&rnid=502394&ref=sr_nr_n_7,https://www.amazon.com/gp/browse.html?node=502394&ref_=nav_em__p_0_2_17_8,"Camera, Photo &amp; Video"
Flashes,/s?rh=n%3A172282%2Cn%3A502394%2Cn%3A172447&dc&qid=1745391808&rnid=502394&ref=sr_nr_n_8,https://www.amazon.com/gp/browse.html?node=502394&ref_=nav_em__p_0_2_17_8,"Camera, Photo &amp; Video"
Lenses,/s?rh=n%3A172282%2Cn%3A502394%2Cn%3A499248&dc&qid=1745391808&rnid=502394&ref=sr_nr_n_9,https://www.amazon.com/gp/browse.html?node=502394&ref_=nav_em__p_0_2_17_8,"Camera, Photo &amp; Video"
Lighting & Studio,/s?rh=n%3A172282%2Cn%3A502394%2Cn%3A7161086011&dc&qid=1745391808&rnid=502394&ref=sr_nr_n_10,https://www.amazon.com/gp/browse.html?node=502394&ref_=nav_em__p_0_2_17_8,"Camera, Photo &amp; Video"
Photo Printers,/s?rh=n%3A172282%2Cn%3A502394%2Cn%3A17939179011&dc&qid=1745391808&rnid=502394&ref=sr_nr_n_11,https://www.amazon.com/gp/browse.html?node=502394&ref_=nav_em__p_0_2_17_8,"Camera, Photo &amp; Video"
Printers & Scanners,/s?rh=n%3A172282%2Cn%3A502394%2Cn%3A499328&dc&qid=1745391808&rnid=502394&ref=sr_nr_n_12,https://www.amazon.com/gp/browse.html?node=502394&ref_=nav_em__p_0_2_17_8,"Camera, Photo &amp; Video"
Simulated Cameras,/s?rh=n%3A172282%2Cn%3A502394%2Cn%3A14241441&dc&qid=1745391808&rnid=502394&ref=sr_nr_n_13,https://www.amazon.com/gp/browse.html?node=502394&ref_=nav_em__p_0_2_17_8,"Camera, Photo &amp; Video"
Tripods & Monopods,/s?rh=n%3A172282%2Cn%3A502394%2Cn%3A499306&dc&qid=1745391808&rnid=502394&ref=sr_nr_n_14,https://www.amazon.com/gp/browse.html?node=502394&ref_=nav_em__p_0_2_17_8,"Camera, Photo &amp; Video"
Underwater Photography,/s?rh=n%3A172282%2Cn%3A502394%2Cn%3A3350161&dc&qid=1745391808&rnid=502394&ref=sr_nr_n_15,https://www.amazon.com/gp/browse.html?node=502394&ref_=nav_em__p_0_2_17_8,"Camera, Photo &amp; Video"
Video,/s?rh=n%3A172282%2Cn%3A502394%2Cn%3A7161073011&dc&qid=1745391808&rnid=502394&ref=sr_nr_n_16,https://www.amazon.com/gp/browse.html?node=502394&ref_=nav_em__p_0_2_17_8,"Camera, Photo &amp; Video"
Video Projectors,/s?rh=n%3A172282%2Cn%3A502394%2Cn%3A300334&dc&qid=1745391808&rnid=502394&ref=sr_nr_n_17,https://www.amazon.com/gp/browse.html?node=502394&ref_=nav_em__p_0_2_17_8,"Camera, Photo &amp; Video"
Video Surveillance,/s?rh=n%3A172282%2Cn%3A502394%2Cn%3A7161091011&dc&qid=1745391808&rnid=502394&ref=sr_nr_n_18,https://www.amazon.com/gp/browse.html?node=502394&ref_=nav_em__p_0_2_17_8,"Camera, Photo &amp; Video"
"Clips, Arm & Wristbands",/s?rh=n%3A172282%2Cn%3A10048700011%2Cn%3A10048706011&dc&qid=1745391810&rnid=10048700011&ref=sr_nr_n_2,https://www.amazon.com/gp/browse.html?node=9013937011&ref_=nav_em_wear_tech_0_2_17_9,Wearable Technology
Glasses,/s?rh=n%3A172282%2Cn%3A10048700011%2Cn%3A10048708011&dc&qid=1745391810&rnid=10048700011&ref=sr_nr_n_3,https://www.amazon.com/gp/browse.html?node=9013937011&ref_=nav_em_wear_tech_0_2_17_9,Wearable Technology
Rings,/s?rh=n%3A172282%2Cn%3A10048700011%2Cn%3A10048711011&dc&qid=1745391810&rnid=10048700011&ref=sr_nr_n_4,https://www.amazon.com/gp/browse.html?node=9013937011&ref_=nav_em_wear_tech_0_2_17_9,Wearable Technology
Smartwatches,/s?rh=n%3A172282%2Cn%3A10048700011%2Cn%3A7939901011&dc&qid=1745391810&rnid=10048700011&ref=sr_nr_n_5,https://www.amazon.com/gp/browse.html?node=9013937011&ref_=nav_em_wear_tech_0_2_17_9,Wearable Technology
Virtual Reality,/s?rh=n%3A172282%2Cn%3A10048700011%2Cn%3A14775003011&dc&qid=1745391810&rnid=10048700011&ref=sr_nr_n_6,https://www.amazon.com/gp/browse.html?node=9013937011&ref_=nav_em_wear_tech_0_2_17_9,Wearable Technology
Activity Trackers,/s?rh=n%3A172282%2Cn%3A10048700011%2Cn%3A5393958011&dc&qid=1745391810&rnid=10048700011&ref=sr_nr_n_7,https://www.amazon.com/gp/browse.html?node=9013937011&ref_=nav_em_wear_tech_0_2_17_9,Wearable Technology
Arm & Wristband Accessories,/s?rh=n%3A172282%2Cn%3A10048700011%2Cn%3A10048712011&dc&qid=1745391810&rnid=10048700011&ref=sr_nr_n_8,https://www.amazon.com/gp/browse.html?node=9013937011&ref_=nav_em_wear_tech_0_2_17_9,Wearable Technology
Single Ear Bluetooth Headsets,/s?rh=n%3A172282%2Cn%3A10048700011%2Cn%3A18021376011&dc&qid=1745391810&rnid=10048700011&ref=sr_nr_n_9,https://www.amazon.com/gp/browse.html?node=9013937011&ref_=nav_em_wear_tech_0_2_17_9,Wearable Technology
Smart Clip Accessories,/s?rh=n%3A172282%2Cn%3A10048700011%2Cn%3A10048713011&dc&qid=1745391810&rnid=10048700011&ref=sr_nr_n_10,https://www.amazon.com/gp/browse.html?node=9013937011&ref_=nav_em_wear_tech_0_2_17_9,Wearable Technology
Smartwatch Accessories,/s?rh=n%3A172282%2Cn%3A10048700011%2Cn%3A7939902011&dc&qid=1745391810&rnid=10048700011&ref=sr_nr_n_11,https://www.amazon.com/gp/browse.html?node=9013937011&ref_=nav_em_wear_tech_0_2_17_9,Wearable Technology
VR Cell Phone Headsets,/s?rh=n%3A172282%2Cn%3A10048700011%2Cn%3A14775002011&dc&qid=1745391810&rnid=10048700011&ref=sr_nr_n_12,https://www.amazon.com/gp/browse.html?node=9013937011&ref_=nav_em_wear_tech_0_2_17_9,Wearable Technology
PlayStation 5,/s?rh=n%3A468642%2Cn%3A20972781011&dc&qid=1745391815&rnid=468642&ref=sr_nr_n_1,https://www.amazon.com/gp/browse.html?node=468642&ref_=nav_em__mw_cvg_0_2_17_12,Video Games
PlayStation 4,/s?rh=n%3A468642%2Cn%3A6427814011&dc&qid=1745391815&rnid=468642&ref=sr_nr_n_2,https://www.amazon.com/gp/browse.html?node=468642&ref_=nav_em__mw_cvg_0_2_17_12,Video Games
Xbox Series X & S,/s?rh=n%3A468642%2Cn%3A20972798011&dc&qid=1745391815&rnid=468642&ref=sr_nr_n_3,https://www.amazon.com/gp/browse.html?node=468642&ref_=nav_em__mw_cvg_0_2_17_12,Video Games
Xbox One,/s?rh=n%3A468642%2Cn%3A6469269011&dc&qid=1745391815&rnid=468642&ref=sr_nr_n_4,https://www.amazon.com/gp/browse.html?node=468642&ref_=nav_em__mw_cvg_0_2_17_12,Video Games
Nintendo Switch,/s?rh=n%3A468642%2Cn%3A16227128011&dc&qid=1745391815&rnid=468642&ref=sr_nr_n_5,https://www.amazon.com/gp/browse.html?node=468642&ref_=nav_em__mw_cvg_0_2_17_12,Video Games
PC,/s?rh=n%3A468642%2Cn%3A229575&dc&qid=1745391815&rnid=468642&ref=sr_nr_n_6,https://www.amazon.com/gp/browse.html?node=468642&ref_=nav_em__mw_cvg_0_2_17_12,Video Games
Mac,/s?rh=n%3A468642%2Cn%3A229647&dc&qid=1745391815&rnid=468642&ref=sr_nr_n_7,https://www.amazon.com/gp/browse.html?node=468642&ref_=nav_em__mw_cvg_0_2_17_12,Video Games
Legacy Systems,/s?rh=n%3A468642%2Cn%3A294940&dc&qid=1745391815&rnid=468642&ref=sr_nr_n_8,https://www.amazon.com/gp/browse.html?node=468642&ref_=nav_em__mw_cvg_0_2_17_12,Video Games
Online Game Services,/s?rh=n%3A468642%2Cn%3A17596052011&dc&qid=1745391815&rnid=468642&ref=sr_nr_n_9,https://www.amazon.com/gp/browse.html?node=468642&ref_=nav_em__mw_cvg_0_2_17_12,Video Games
Handheld Game Systems,/s?rh=n%3A468642%2Cn%3A120387867011&dc&qid=1745391815&rnid=468642&ref=sr_nr_n_10,https://www.amazon.com/gp/browse.html?node=468642&ref_=nav_em__mw_cvg_0_2_17_12,Video Games
Virtual Reality,/s?rh=n%3A468642%2Cn%3A21479453011&dc&qid=1745391815&rnid=468642&ref=sr_nr_n_11,https://www.amazon.com/gp/browse.html?node=468642&ref_=nav_em__mw_cvg_0_2_17_12,Video Games
Accounting & Finance,/s?rh=n%3A229534%2Cn%3A5223260011&dc&qid=1745391817&rnid=229534&ref=sr_nr_n_1,https://www.amazon.com/gp/browse.html?node=229534&ref_=nav_em__mw_sw_0_2_17_13,Software
Antivirus & Security,/s?rh=n%3A229534%2Cn%3A229677&dc&qid=1745391817&rnid=229534&ref=sr_nr_n_2,https://www.amazon.com/gp/browse.html?node=229534&ref_=nav_em__mw_sw_0_2_17_13,Software
Business & Office,/s?rh=n%3A229534%2Cn%3A229535&dc&qid=1745391817&rnid=229534&ref=sr_nr_n_3,https://www.amazon.com/gp/browse.html?node=229534&ref_=nav_em__mw_sw_0_2_17_13,Software
Children's,/s?rh=n%3A229534%2Cn%3A229548&dc&qid=1745391817&rnid=229534&ref=sr_nr_n_4,https://www.amazon.com/gp/browse.html?node=229534&ref_=nav_em__mw_sw_0_2_17_13,Software
Education & Reference,/s?rh=n%3A229534%2Cn%3A229563&dc&qid=1745391817&rnid=229534&ref=sr_nr_n_5,https://www.amazon.com/gp/browse.html?node=229534&ref_=nav_em__mw_sw_0_2_17_13,Software
Lifestyle & Hobbies,/s?rh=n%3A229534%2Cn%3A229624&dc&qid=1745391817&rnid=229534&ref=sr_nr_n_6,https://www.amazon.com/gp/browse.html?node=229534&ref_=nav_em__mw_sw_0_2_17_13,Software
Music,/s?rh=n%3A229534%2Cn%3A497022&dc&qid=1745391817&rnid=229534&ref=sr_nr_n_7,https://www.amazon.com/gp/browse.html?node=229534&ref_=nav_em__mw_sw_0_2_17_13,Software
Networking & Servers,/s?rh=n%3A229534%2Cn%3A229637&dc&qid=1745391817&rnid=229534&ref=sr_nr_n_8,https://www.amazon.com/gp/browse.html?node=229534&ref_=nav_em__mw_sw_0_2_17_13,Software
Operating Systems,/s?rh=n%3A229534%2Cn%3A229653&dc&qid=1745391817&rnid=229534&ref=sr_nr_n_9,https://www.amazon.com/gp/browse.html?node=229534&ref_=nav_em__mw_sw_0_2_17_13,Software
Photography & Graphic Design,/s?rh=n%3A229534%2Cn%3A229614&dc&qid=1745391817&rnid=229534&ref=sr_nr_n_10,https://www.amazon.com/gp/browse.html?node=229534&ref_=nav_em__mw_sw_0_2_17_13,Software
Programming & Web Development,/s?rh=n%3A229534%2Cn%3A5223262011&dc&qid=1745391817&rnid=229534&ref=sr_nr_n_11,https://www.amazon.com/gp/browse.html?node=229534&ref_=nav_em__mw_sw_0_2_17_13,Software
Tax Preparation,/s?rh=n%3A229534%2Cn%3A229545&dc&qid=1745391817&rnid=229534&ref=sr_nr_n_12,https://www.amazon.com/gp/browse.html?node=229534&ref_=nav_em__mw_sw_0_2_17_13,Software
Utilities,/s?rh=n%3A229534%2Cn%3A229672&dc&qid=1745391817&rnid=229534&ref=sr_nr_n_13,https://www.amazon.com/gp/browse.html?node=229534&ref_=nav_em__mw_sw_0_2_17_13,Software
Video,/s?rh=n%3A229534%2Cn%3A290542&dc&qid=1745391817&rnid=229534&ref=sr_nr_n_14,https://www.amazon.com/gp/browse.html?node=229534&ref_=nav_em__mw_sw_0_2_17_13,Software
